<?xml version="1.0" encoding="UTF-8"?>
<install version="1.0" type="eshopplugin" group="payment">
	<name>os_jahanpay</name>
	<title>JahanPay Payment for eShop</title>
	<author>Module Bank -::- Seyed Hamzeh Fazeli</author>
	<creationDate>06 August 2014</creationDate>
	<copyright>Copyright (C) 2014 ModuleBank - All rights reserved.</copyright>
	<license>do not copy please. for order or technical support visit me at http://www.modulebank.ir/</license>
	<authorEmail>support@modulebank.ir</authorEmail>
	<authorUrl>http://www.modulebank.ir/</authorUrl>
	<version>1.0</version>
	<description>JahanPay Payment Plugin for EShop</description>
	<config>
		<fields name="params">
			<fieldset name="basic" addfieldpath="/administrator/components/com_eshop/elements">
				<field name="jahanpay_api" type="text" size="40" label="JahanPay API" description="Enter your JahanPay API" default=""></field>
				<field name="jahanpay_currency" type="eshopcurrency" label="JahanPay Currency" description="Choose JahanPay Currency"></field>
			</fieldset>
		</fields>
	</config>
	<files>
		<filename>os_jahanpay.php</filename>
	</files>
	<installsql />
	<installfile />
</install>